STATION,STATION_NAME,DATE,DT90,DX32,DP10,EMXP,MXSD,TPCP,TSNW,EMXT,EMNT,MMXT,MMNT,MNTM
GHCND:USC00186350,NATIONAL ARBORETUM DC DC US,20000101,0,10,1,320,254,971,373,217,-117,66,-46,10
GHCND:USC00186350,NATIONAL ARBORETUM DC DC US,20000201,0,1,0,226,178,498,26,278,-94,108,-19,45
GHCND:USC00186350,NATIONAL ARBORETUM DC DC US,20000301,0,0,2,490,0,1181,0,300,-50,168,33,101
GHCND:USC00186350,NATIONAL ARBORETUM DC DC US,20000401,0,0,0,244,0,1218,0,283,0,181,70,125
GHCND:USC00186350,NATIONAL ARBORETUM DC DC US,20000501,8,0,0,173,0,704,0,367,39,268,125,196
GHCND:USC00186350,NATIONAL ARBORETUM DC DC US,20000601,14,0,2,282,0,1138,0,372,83,302,177,239
GHCND:USC00186350,NATIONAL ARBORETUM DC DC US,20000701,10,0,1,272,0,1211,0,344,128,306,176,241
GHCND:USC00186350,NATIONAL ARBORETUM DC DC US,20000801,9,0,0,218,0,1116,0,356,117,302,181,242
GHCND:USC00186350,NATIONAL ARBORETUM DC DC US,20000901,2,0,1,546,0,955,0,322,44,269,140,204
GHCND:USC00186350,NATIONAL ARBORETUM DC DC US,20001001,0,0,0,0,0,0,0,311,-6,227,77,152
GHCND:USC00186350,NATIONAL ARBORETUM DC DC US,20001101,0,0,0,229,0,662,0,233,-78,141,9,75
GHCND:USC00186350,NATIONAL ARBORETUM DC DC US,20001201,0,5,1,297,51,872,38,156,-106,50,-61,-5
GHCND:USC00186350,NATIONAL ARBORETUM DC DC US,20010101,0,0,0,246,25,665,54,156,-94,59,-48,6
GHCND:USC00186350,NATIONAL ARBORETUM DC DC US,20010201,0,1,0,196,76,543,61,222,-78,100,-17,42
GHCND:USC00186350,NATIONAL ARBORETUM DC DC US,20010301,0,0,1,409,0,1120,0,183,-50,115,-2,57
GHCND:USC00186350,NATIONAL ARBORETUM DC DC US,20010401,3,0,0,168,0,549,0,328,-17,208,68,138
GHCND:USC00186350,NATIONAL ARBORETUM DC DC US,20010501,4,0,2,384,0,1200,0,350,44,258,122,190
GHCND:USC00186350,NATIONAL ARBORETUM DC DC US,20010601,14,0,2,381,0,1425,0,372,94,306,186,246
GHCND:USC00186350,NATIONAL ARBORETUM DC DC US,20010701,9,0,1,356,0,1434,0,356,128,308,180,244
GHCND:USC00186350,NATIONAL ARBORETUM DC DC US,20010801,15,0,2,396,0,1337,0,389,156,324,204,264
GHCND:USC00186350,NATIONAL ARBORETUM DC DC US,20010901,1,0,0,185,0,488,0,328,50,278,132,205
GHCND:USC00186350,NATIONAL ARBORETUM DC DC US,20011001,0,0,0,107,0,216,0,306,-22,232,65,148
GHCND:USC00186350,NATIONAL ARBORETUM DC DC US,20011101,0,0,0,160,0,231,0,283,-39,194,25,110
GHCND:USC00186350,NATIONAL ARBORETUM DC DC US,20021201,0,2,1,348,127,1265,135,167,-106,67,-19,24
GHCND:USC00186350,NATIONAL ARBORETUM DC DC US,20030101,0,8,0,208,76,703,107,172,-128,34,-46,-6
GHCND:USC00186350,NATIONAL ARBORETUM DC DC US,20030201,0,4,2,617,356,2064,302,117,-94,44,-38,3
GHCND:USC00186350,NATIONAL ARBORETUM DC DC US,20030301,0,1,1,485,102,1107,0,256,-72,139,17,78
GHCND:USC00186350,NATIONAL ARBORETUM DC DC US,20030401,0,0,0,175,0,736,0,306,0,181,67,124
GHCND:USC00186350,NATIONAL ARBORETUM DC DC US,20030501,0,0,3,655,0,2094,0,289,61,207,121,164
GHCND:USC00186350,NATIONAL ARBORETUM DC DC US,20030601,5,0,3,414,0,2418,0,344,117,268,173,221
GHCND:USC00186350,NATIONAL ARBORETUM DC DC US,20030701,11,0,3,389,0,1852,0,344,172,303,205,254
GHCND:USC00186350,NATIONAL ARBORETUM DC DC US,20030801,10,0,2,290,0,1317,0,344,150,307,210,258
GHCND:USC00186350,NATIONAL ARBORETUM DC DC US,20030901,0,0,3,701,0,1934,0,306,78,261,161,211
GHCND:USC00186350,NATIONAL ARBORETUM DC DC US,20031001,0,0,3,384,0,1291,0,261,11,192,77,134
GHCND:USC00186350,NATIONAL ARBORETUM DC DC US,20031101,0,0,2,442,0,1436,0,283,-28,172,59,116
GHCND:USC00186350,NATIONAL ARBORETUM DC DC US,20031201,0,0,1,297,76,1218,125,167,-39,87,-11,37
GHCND:USC00186350,NATIONAL ARBORETUM DC DC US,20040101,0,14,0,140,127,442,148,228,-139,37,-55,-9
GHCND:USC00186350,NATIONAL ARBORETUM DC DC US,20040201,0,1,1,356,102,648,3,156,-100,75,-28,24
GHCND:USC00186350,NATIONAL ARBORETUM DC DC US,20040301,0,0,1,267,0,574,0,261,-44,145,27,86
GHCND:USC00186350,NATIONAL ARBORETUM DC DC US,20040401,1,0,1,348,0,1119,0,333,-6,188,81,134
GHCND:USC00186350,NATIONAL ARBORETUM DC DC US,20040501,5,0,0,229,0,644,0,333,72,279,164,221
GHCND:USC00186350,NATIONAL ARBORETUM DC DC US,20040601,5,0,0,218,0,1113,0,333,133,278,178,228
GHCND:USC00186350,NATIONAL ARBORETUM DC DC US,20040701,6,0,2,635,0,1616,0,333,183,300,210,255
GHCND:USC00186350,NATIONAL ARBORETUM DC DC US,20040801,4,0,1,572,0,1164,0,333,133,293,196,244
GHCND:USC00186350,NATIONAL ARBORETUM DC DC US,20040901,0,0,2,472,0,1145,0,311,94,265,165,215
GHCND:USC00186350,NATIONAL ARBORETUM DC DC US,20041001,0,0,0,94,0,337,0,256,28,193,86,140
GHCND:USC00186350,NATIONAL ARBORETUM DC DC US,20041101,0,0,2,457,0,1212,0,267,-17,156,52,104
GHCND:USC00186350,NATIONAL ARBORETUM DC DC US,20041201,0,2,0,224,0,689,0,172,-117,90,-15,38
GHCND:USC00186350,NATIONAL ARBORETUM DC DC US,20050101,0,8,1,465,102,896,165,217,-128,66,-23,21
GHCND:USC00186350,NATIONAL ARBORETUM DC DC US,20050201,0,0,0,102,102,266,0,183,-78,98,-16,41
GHCND:USC00186350,NATIONAL ARBORETUM DC DC US,20050301,0,0,2,335,51,1310,56,217,-61,104,11,57
GHCND:USC00186350,NATIONAL ARBORETUM DC DC US,20050401,0,0,1,439,0,905,0,306,22,201,79,140
GHCND:USC00186350,NATIONAL ARBORETUM DC DC US,20050501,0,0,2,394,0,1355,0,300,28,220,107,163
GHCND:USC00186350,NATIONAL ARBORETUM DC DC US,20050601,9,0,1,290,0,762,0,344,117,301,196,246
GHCND:USC00186350,NATIONAL ARBORETUM DC DC US,20050701,14,0,1,544,0,1476,0,367,183,317,218,267
GHCND:USC00186350,NATIONAL ARBORETUM DC DC US,20050801,8,0,1,356,0,707,0,356,144,308,214,258
GHCND:USC00186350,NATIONAL ARBORETUM DC DC US,20050901,6,0,0,25,0,33,0,339,72,300,170,235
GHCND:USC00186350,NATIONAL ARBORETUM DC DC US,20051001,0,0,2,1265,0,2557,0,283,22,199,106,152
GHCND:USC00186350,NATIONAL ARBORETUM DC DC US,20051101,0,0,0,211,0,537,0,250,-56,155,43,99
GHCND:USC00186350,NATIONAL ARBORETUM DC DC US,20051201,0,2,1,310,76,892,99,150,-83,62,-26,18
GHCND:USC00186350,NATIONAL ARBORETUM DC DC US,20060101,0,0,1,297,0,508,0,183,-61,102,4,53
GHCND:USC00186350,NATIONAL ARBORETUM DC DC US,20060201,0,0,0,236,254,615,239,200,-100,93,-13,40
GHCND:USC00186350,NATIONAL ARBORETUM DC DC US,20060301,0,0,0,18,0,21,0,294,-33,138,26,82
GHCND:USC00186350,NATIONAL ARBORETUM DC DC US,20060401,0,0,1,330,0,849,0,289,11,215,88,151
GHCND:USC00186350,NATIONAL ARBORETUM DC DC US,20060501,2,0,1,254,0,509,0,350,44,238,120,179
GHCND:USC00186350,NATIONAL ARBORETUM DC DC US,20060601,6,0,3,1872,0,3305,0,339,111,289,179,234
GHCND:USC00186350,NATIONAL ARBORETUM DC DC US,20060701,18,0,1,714,0,991,0,367,150,319,218,268
GHCND:USC00186350,NATIONAL ARBORETUM DC DC US,20060801,17,0,0,124,0,140,0,372,139,326,212,269
GHCND:USC00186350,NATIONAL ARBORETUM DC DC US,20060901,0,0,2,724,0,1725,0,300,78,240,149,195
GHCND:USC00186350,NATIONAL ARBORETUM DC DC US,20061001,0,0,2,452,0,1287,0,289,11,190,81,136
GHCND:USC00186350,NATIONAL ARBORETUM DC DC US,20061101,0,0,2,432,0,1412,0,250,-28,150,49,99
GHCND:USC00186350,NATIONAL ARBORETUM DC DC US,20061201,0,0,0,130,0,169,0,239,-67,122,12,67
GHCND:USC00186350,NATIONAL ARBORETUM DC DC US,20070101,0,2,0,221,25,498,25,200,-94,85,-6,40
GHCND:USC00186350,NATIONAL ARBORETUM DC DC US,20070201,0,7,1,315,76,636,166,133,-122,26,-58,-16
GHCND:USC00186350,NATIONAL ARBORETUM DC DC US,20070301,0,1,2,371,25,938,36,283,-89,149,22,85
GHCND:USC00186350,NATIONAL ARBORETUM DC DC US,20070401,0,0,2,401,0,1227,0,294,-6,171,57,114
GHCND:USC00186350,NATIONAL ARBORETUM DC DC US,20070501,1,0,1,254,0,395,0,333,44,260,134,197
GHCND:USC00186350,NATIONAL ARBORETUM DC DC US,20070601,7,0,0,191,0,503,0,356,122,297,183,240
GHCND:USC00186350,NATIONAL ARBORETUM DC DC US,20070701,12,0,2,483,0,1111,0,367,144,318,201,259
GHCND:USC00186350,NATIONAL ARBORETUM DC DC US,20070801,22,0,1,279,0,950,0,383,161,326,207,266
GHCND:USC00186350,NATIONAL ARBORETUM DC DC US,20070901,10,0,0,114,0,185,0,339,94,295,164,230
GHCND:USC00186350,NATIONAL ARBORETUM DC DC US,20071001,3,0,2,1011,0,1804,0,339,17,246,120,183
GHCND:USC00186350,NATIONAL ARBORETUM DC DC US,20071101,0,0,0,147,0,402,0,239,-39,132,35,83
GHCND:USC00186350,NATIONAL ARBORETUM DC DC US,20071201,0,1,0,211,76,891,64,172,-72,79,-1,39
GHCND:USC00186350,NATIONAL ARBORETUM DC DC US,20080101,0,3,0,213,25,373,20,217,-89,73,-21,26
GHCND:USC00186350,NATIONAL ARBORETUM DC DC US,20080201,0,2,2,419,0,1089,11,222,-94,91,-14,38
GHCND:USC00186350,NATIONAL ARBORETUM DC DC US,20080301,0,0,0,203,0,630,0,222,-33,140,21,81
GHCND:USC00186350,NATIONAL ARBORETUM DC DC US,20080401,0,0,1,528,0,1487,0,294,17,196,81,138
GHCND:USC00186350,NATIONAL ARBORETUM DC DC US,20080501,0,0,2,927,0,2290,0,294,50,229,113,171
GHCND:USC00186350,NATIONAL ARBORETUM DC DC US,20080601,9,0,3,503,0,1971,0,356,128,307,188,247
GHCND:USC00186350,NATIONAL ARBORETUM DC DC US,20080701,15,0,2,513,0,1199,0,350,167,314,206,260
GHCND:USC00186350,NATIONAL ARBORETUM DC DC US,20080801,5,0,0,127,0,360,0,339,156,296,183,239
GHCND:USC00186350,NATIONAL ARBORETUM DC DC US,20080901,4,0,1,724,0,1229,0,350,100,270,164,217
GHCND:USC00186350,NATIONAL ARBORETUM DC DC US,20081001,0,0,0,216,0,394,0,278,6,201,79,140
GHCND:USC00186350,NATIONAL ARBORETUM DC DC US,20081101,0,0,0,188,0,466,0,239,-44,133,37,85
GHCND:USC00186350,NATIONAL ARBORETUM DC DC US,20081201,0,1,1,427,0,892,0,211,-89,88,-4,42
GHCND:USC00186350,NATIONAL ARBORETUM DC DC US,20090101,0,6,1,376,25,783,33,128,-139,41,-45,-2
GHCND:USC00186350,NATIONAL ARBORETUM DC DC US,20090201,0,1,0,46,0,64,3,222,-89,101,-10,46
GHCND:USC00186350,NATIONAL ARBORETUM DC DC US,20090301,0,2,0,178,203,569,211,261,-94,133,23,78
GHCND:USC00186350,NATIONAL ARBORETUM DC DC US,20090401,4,0,0,213,0,1007,0,344,33,222,97,158
GHCND:USC00186350,NATIONAL ARBORETUM DC DC US,20090501,2,0,2,648,0,1827,0,350,78,265,151,208
GHCND:USC00186350,NATIONAL ARBORETUM DC DC US,20090601,9,0,1,495,0,1596,0,378,128,301,205,253
GHCND:USC00186350,NATIONAL ARBORETUM DC DC US,20090701,11,0,1,584,0,1019,0,356,150,316,199,258
GHCND:USC00186350,NATIONAL ARBORETUM DC DC US,20090801,21,0,0,170,0,894,0,378,150,328,208,268
GHCND:USC00186350,NATIONAL ARBORETUM DC DC US,20090901,0,0,1,396,0,762,0,317,100,264,153,209
GHCND:USC00186350,NATIONAL ARBORETUM DC DC US,20091001,0,0,3,394,0,1678,0,300,28,200,81,140
GHCND:USC00186350,NATIONAL ARBORETUM DC DC US,20091101,0,0,2,318,0,1201,0,244,-22,157,53,105
GHCND:USC00186350,NATIONAL ARBORETUM DC DC US,20091201,0,2,3,427,406,1814,483,178,-78,65,-18,24
GHCND:USC00186350,NATIONAL ARBORETUM DC DC US,20100101,0,6,0,160,0,625,165,189,-122,54,-38,8
GHCND:USC00186350,NATIONAL ARBORETUM DC DC US,20100201,0,1,0,79,533,153,112,100,-122,47,-34,8
GHCND:USC00186350,NATIONAL ARBORETUM DC DC US,20100301,0,0,0,208,0,934,0,250,-11,146,45,96
GHCND:USC00186350,NATIONAL ARBORETUM DC DC US,20100401,2,0,0,211,0,363,0,333,33,223,89,156
GHCND:USC00186350,NATIONAL ARBORETUM DC DC US,20100501,2,0,0,145,0,667,0,333,50,254,140,197
GHCND:USC00186350,NATIONAL ARBORETUM DC DC US,20100601,16,0,0,208,0,460,0,361,150,316,207,262
GHCND:USC00186350,NATIONAL ARBORETUM DC DC US,20100701,18,0,1,432,0,879,0,383,139,332,222,277
GHCND:USC00186350,NATIONAL ARBORETUM DC DC US,20100801,12,0,2,508,0,1558,0,367,161,309,208,259
GHCND:USC00186350,NATIONAL ARBORETUM DC DC US,20100901,9,0,1,447,0,703,0,356,94,290,164,227
GHCND:USC00186350,NATIONAL ARBORETUM DC DC US,20101001,0,0,3,739,0,1703,0,300,33,217,99,158
GHCND:USC00186350,NATIONAL ARBORETUM DC DC US,20101101,0,0,0,183,0,541,0,200,-33,155,33,94
GHCND:USC00186350,NATIONAL ARBORETUM DC DC US,20101201,0,3,0,119,25,443,43,189,-83,50,-34,8
GHCND:USC00186350,NATIONAL ARBORETUM DC DC US,20110101,0,3,1,394,76,741,130,117,-122,42,-49,-4
GHCND:USC00186350,NATIONAL ARBORETUM DC DC US,20110201,0,0,0,206,51,414,13,256,-100,97,-19,40
GHCND:USC00186350,NATIONAL ARBORETUM DC DC US,20110301,0,0,1,330,0,1072,0,278,-33,144,16,80
GHCND:USC00186350,NATIONAL ARBORETUM DC DC US,20110401,0,0,0,140,-9999,824,-9999,306,17,204,90,147
GHCND:USC00186350,NATIONAL ARBORETUM DC DC US,20110501,2,0,0,175,-9999,547,-9999,344,67,264,143,204
GHCND:USC00186350,NATIONAL ARBORETUM DC DC US,20110601,14,0,0,173,-9999,364,-9999,389,133,319,193,256
GHCND:USC00186350,NATIONAL ARBORETUM DC DC US,20110701,28,0,0,168,-9999,550,-9999,411,167,346,225,286
GHCND:USC00186350,NATIONAL ARBORETUM DC DC US,20110801,14,0,3,1125,0,2225,0,378,139,322,201,261
GHCND:USC00186350,NATIONAL ARBORETUM DC DC US,20110901,2,0,3,681,-9999,2313,-9999,328,133,279,181,230
GHCND:USC00186350,NATIONAL ARBORETUM DC DC US,20111001,0,0,0,229,0,936,0,306,-6,209,83,146
GHCND:USC00186350,NATIONAL ARBORETUM DC DC US,20111101,0,0,0,190,-9999,586,0,239,-22,176,45,110
GHCND:USC00186350,NATIONAL ARBORETUM DC DC US,20111201,0,0,2,467,-9999,1230,0,183,-50,115,3,59
GHCND:USC00186350,NATIONAL ARBORETUM DC DC US,20120101,0,0,0,218,25,501,18,200,-94,94,-19,37
GHCND:USC00186350,NATIONAL ARBORETUM DC DC US,20120201,0,0,0,58,0,203,0,217,-56,124,1,62
GHCND:USC00186350,NATIONAL ARBORETUM DC DC US,20120301,0,0,2,472,0,1017,0,306,-39,200,64,132
GHCND:USC00186350,NATIONAL ARBORETUM DC DC US,20120401,0,0,1,340,-9999,522,-9999,317,28,207,78,142
GHCND:USC00186350,NATIONAL ARBORETUM DC DC US,20120501,5,0,0,236,-9999,776,-9999,339,89,271,152,212
GHCND:USC00186350,NATIONAL ARBORETUM DC DC US,20120601,11,0,1,419,-9999,724,-9999,394,106,301,177,239
GHCND:USC00186350,NATIONAL ARBORETUM DC DC US,20120701,20,0,1,287,-9999,872,-9999,400,183,336,224,280
GHCND:USC00186350,NATIONAL ARBORETUM DC DC US,20120801,16,0,0,206,-9999,612,-9999,361,167,315,209,262
GHCND:USC00186350,NATIONAL ARBORETUM DC DC US,20120901,6,0,1,267,-9999,953,-9999,356,89,281,154,218
GHCND:USC00186350,NATIONAL ARBORETUM DC DC US,20121001,0,0,2,772,-9999,1717,-9999,294,11,218,96,157
GHCND:USC00186350,NATIONAL ARBORETUM DC DC US,20121101,0,0,0,97,0,158,0,222,-28,118,19,69
GHCND:USC00186350,NATIONAL ARBORETUM DC DC US,20121201,0,0,1,384,0,834,0,222,-44,107,17,62
GHCND:USC00186350,NATIONAL ARBORETUM DC DC US,20130101,0,4,1,267,25,660,36,222,-94,80,-12,34
GHCND:USC00186350,NATIONAL ARBORETUM DC DC US,20130201,0,2,0,163,0,426,20,156,-83,70,-16,27
GHCND:USC00186350,NATIONAL ARBORETUM DC DC US,20130301,0,0,0,160,51,371,43,178,-28,110,9,60
GHCND:USC00186350,NATIONAL ARBORETUM DC DC US,20130401,1,0,1,338,-9999,736,-9999,339,-28,205,78,142
GHCND:USC00186350,NATIONAL ARBORETUM DC DC US,20130501,3,0,0,170,-9999,547,0,339,17,244,126,185
GHCND:USC00186350,NATIONAL ARBORETUM DC DC US,20130601,6,0,3,472,0,2223,0,344,128,297,193,245
GHCND:USC00186350,NATIONAL ARBORETUM DC DC US,20130701,14,0,0,226,-9999,838,-9999,361,167,319,225,272
GHCND:USC00186350,NATIONAL ARBORETUM DC DC US,20130801,4,0,1,356,-9999,637,-9999,339,128,295,191,243
GHCND:USC00186350,NATIONAL ARBORETUM DC DC US,20130901,7,0,1,292,-9999,419,-9999,344,72,275,144,209
GHCND:USC00186350,NATIONAL ARBORETUM DC DC US,20131001,1,0,4,602,0,1649,0,328,0,215,107,161
GHCND:USC00186350,NATIONAL ARBORETUM DC DC US,20131101,0,0,1,526,0,760,0,239,-50,127,23,75
GHCND:USC00186350,NATIONAL ARBORETUM DC DC US,20131201,0,1,1,351,25,1187,40,217,-56,101,13,57
GHCND:USC00186350,NATIONAL ARBORETUM DC DC US,20140101,0,9,0,137,102,458,188,150,-150,37,-63,-13
GHCND:USC00186350,NATIONAL ARBORETUM DC DC US,20140201,0,0,0,137,152,365,172,211,-111,68,-39,15
GHCND:USC00186350,NATIONAL ARBORETUM DC DC US,20140301,0,3,1,254,178,989,325,222,-139,99,-12,43
GHCND:USC00186350,NATIONAL ARBORETUM DC DC US,20140401,0,0,2,434,-9999,1156,0,300,0,203,68,136
GHCND:USC00186350,NATIONAL ARBORETUM DC DC US,20140501,5,0,2,592,0,1707,0,339,67,264,142,203
GHCND:USC00186350,NATIONAL ARBORETUM DC DC US,20140601,10,0,3,323,-9999,1239,-9999,350,128,304,195,249
GHCND:USC00186350,NATIONAL ARBORETUM DC DC US,20140701,11,0,0,236,0,951,0,361,133,308,206,257
GHCND:USC00186350,NATIONAL ARBORETUM DC DC US,20140801,7,0,1,330,0,694,0,333,139,300,187,243
GHCND:USC00186350,NATIONAL ARBORETUM DC DC US,20140901,9,0,1,269,0,646,0,367,89,281,157,219
GHCND:USC00186350,NATIONAL ARBORETUM DC DC US,20141001,0,0,1,320,0,1005,0,278,39,214,109,162
GHCND:USC00186350,NATIONAL ARBORETUM DC DC US,20141101,0,0,0,218,0,755,0,228,-56,125,29,77
GHCND:USC00186350,NATIONAL ARBORETUM DC DC US,20141201,0,0,0,157,0,873,0,211,-44,101,12,56
GHCND:USC00186350,NATIONAL ARBORETUM DC DC US,20150101,0,5,0,135,76,778,112,189,-122,52,-39,6
GHCND:USC00186350,NATIONAL ARBORETUM DC DC US,20150201,0,5,0,216,102,439,203,194,-156,38,-68,-15
GHCND:USC00182325,DALECARLIA RESERVOIR DC US,20000101,0,3,0,168,203,555,357,228,-122,78,-27,26
GHCND:USC00182325,DALECARLIA RESERVOIR DC US,20000201,0,0,1,292,152,671,0,272,-67,127,2,64
GHCND:USC00182325,DALECARLIA RESERVOIR DC US,20000301,0,0,1,457,0,952,0,300,-67,179,34,106
GHCND:USC00182325,DALECARLIA RESERVOIR DC US,20000401,0,0,1,513,0,1326,0,283,-83,193,75,134
GHCND:USC00182325,DALECARLIA RESERVOIR DC US,20000501,8,0,0,173,0,519,0,350,61,273,152,212
GHCND:USC00182325,DALECARLIA RESERVOIR DC US,20000601,12,0,1,356,0,1281,0,372,111,304,184,244
GHCND:USC00182325,DALECARLIA RESERVOIR DC US,20000801,5,0,1,406,0,1399,0,344,139,297,198,247
GHCND:USC00182325,DALECARLIA RESERVOIR DC US,20000901,2,0,3,399,0,1176,0,328,44,265,155,210
GHCND:USC00182325,DALECARLIA RESERVOIR DC US,20001001,0,0,0,15,0,56,0,311,6,225,92,159
GHCND:USC00182325,DALECARLIA RESERVOIR DC US,20001101,0,0,0,211,0,424,0,250,-83,131,25,78
GHCND:USC00182325,DALECARLIA RESERVOIR DC US,20001201,0,2,1,254,25,629,40,156,-117,43,-51,-4
GHCND:USC00182325,DALECARLIA RESERVOIR DC US,20010101,0,1,1,277,25,719,25,133,-111,59,-45,7
GHCND:USC00182325,DALECARLIA RESERVOIR DC US,20010201,0,0,0,165,51,589,51,217,-72,110,-4,53
GHCND:USC00182325,DALECARLIA RESERVOIR DC US,20010301,0,0,2,330,0,1244,0,189,-61,121,-3,59
GHCND:USC00182325,DALECARLIA RESERVOIR DC US,20010401,1,0,0,206,0,535,0,328,-6,223,75,149
GHCND:USC00182325,DALECARLIA RESERVOIR DC US,20010501,2,0,2,279,0,1491,0,328,44,252,120,186
GHCND:USC00182325,DALECARLIA RESERVOIR DC US,20010601,12,0,2,452,0,1254,0,350,89,300,175,237
GHCND:USC00182325,DALECARLIA RESERVOIR DC US,20010701,8,0,1,483,0,1457,0,350,122,296,179,238
GHCND:USC00182325,DALECARLIA RESERVOIR DC US,20010801,8,0,2,1361,0,2626,0,378,161,314,206,260
GHCND:USC00182325,DALECARLIA RESERVOIR DC US,20010901,0,0,2,493,0,1054,0,317,56,272,139,205
GHCND:USC00182325,DALECARLIA RESERVOIR DC US,20011001,0,0,0,152,0,253,0,294,-22,226,68,147
GHCND:USC00182325,DALECARLIA RESERVOIR DC US,20011101,0,0,0,175,0,307,0,272,-33,195,45,120
GHCND:USC00182325,DALECARLIA RESERVOIR DC US,20011201,0,0,0,114,0,431,0,244,-89,128,14,71
GHCND:USC00182325,DALECARLIA RESERVOIR DC US,20020101,0,0,0,135,0,381,58,217,-78,110,-10,50
GHCND:USC00182325,DALECARLIA RESERVOIR DC US,20020201,0,0,0,0,0,0,0,250,-72,136,-7,64
GHCND:USC00182325,DALECARLIA RESERVOIR DC US,20020301,0,0,1,333,0,1104,0,267,-89,161,27,94
GHCND:USC00182325,DALECARLIA RESERVOIR DC US,20020401,4,0,1,493,0,1144,0,350,-50,225,78,152
GHCND:USC00182325,DALECARLIA RESERVOIR DC US,20020501,1,0,1,356,0,1047,0,339,28,262,114,188
GHCND:USC00182325,DALECARLIA RESERVOIR DC US,20020601,13,0,0,140,0,491,0,367,128,313,180,246
GHCND:USC00182325,DALECARLIA RESERVOIR DC US,20020701,23,0,1,485,0,714,0,383,161,337,212,274
GHCND:USC00182325,DALECARLIA RESERVOIR DC US,20020801,22,0,1,394,0,713,0,383,139,331,207,269
GHCND:USC00182325,DALECARLIA RESERVOIR DC US,20020901,3,0,1,356,0,862,0,328,94,281,157,219
GHCND:USC00182325,DALECARLIA RESERVOIR DC US,20021001,0,0,3,439,0,1656,0,311,11,197,96,146
GHCND:USC00182325,DALECARLIA RESERVOIR DC US,20021101,0,0,1,312,0,1192,0,222,-44,131,31,81
GHCND:USC00182325,DALECARLIA RESERVOIR DC US,20021201,0,1,1,330,102,762,135,161,-122,75,-26,25
GHCND:USC00182325,DALECARLIA RESERVOIR DC US,20030101,0,6,1,335,0,677,64,161,-133,34,-55,-11
GHCND:USC00182325,DALECARLIA RESERVOIR DC US,20030201,0,3,4,742,0,2159,71,117,-122,50,-47,2
GHCND:USC00182325,DALECARLIA RESERVOIR DC US,20030301,0,0,1,445,0,1057,0,256,-83,158,15,86
GHCND:USC00182325,DALECARLIA RESERVOIR DC US,20030401,0,0,0,183,0,707,0,306,-39,207,59,133
GHCND:USC00182325,DALECARLIA RESERVOIR DC US,20030701,11,0,3,470,0,2052,0,350,167,312,194,253
GHCND:USC00182325,DALECARLIA RESERVOIR DC US,20030801,9,0,1,381,0,1233,0,350,133,313,210,261
GHCND:USC00182325,DALECARLIA RESERVOIR DC US,20030901,1,0,2,785,0,2057,0,322,56,268,151,209
GHCND:USC00182325,DALECARLIA RESERVOIR DC US,20031001,0,0,4,513,0,1620,0,261,-6,200,71,136
GHCND:USC00182325,DALECARLIA RESERVOIR DC US,20031101,0,0,1,394,0,1286,0,278,-89,169,39,104
GHCND:USC00182325,DALECARLIA RESERVOIR DC US,20031201,0,0,1,381,0,1187,0,172,-83,85,-25,30
GHCND:USC00182325,DALECARLIA RESERVOIR DC US,20040101,0,9,0,140,127,486,135,233,-150,41,-62,-11
GHCND:USC00182325,DALECARLIA RESERVOIR DC US,20040201,0,0,1,363,0,592,0,161,-117,80,-28,26
GHCND:USC00182325,DALECARLIA RESERVOIR DC US,20040301,0,0,1,267,0,601,0,267,-56,158,30,94
GHCND:USC00182325,DALECARLIA RESERVOIR DC US,20040501,9,0,0,188,0,798,0,333,67,289,169,229
GHCND:USC00182325,DALECARLIA RESERVOIR DC US,20040601,6,0,1,330,0,1105,0,350,111,297,175,236
GHCND:USC00182325,DALECARLIA RESERVOIR DC US,20040701,15,0,2,1092,0,2202,0,339,167,313,210,261
GHCND:USC00182325,DALECARLIA RESERVOIR DC US,20040801,6,0,1,330,0,1105,0,350,111,299,175,237
GHCND:USC00182325,DALECARLIA RESERVOIR DC US,20040901,0,0,0,196,0,661,0,306,61,271,163,217
GHCND:USC00182325,DALECARLIA RESERVOIR DC US,20041001,0,0,0,102,0,400,0,283,6,199,98,148
GHCND:USC00182325,DALECARLIA RESERVOIR DC US,20041101,0,0,2,508,0,1243,0,233,-44,160,41,101
GHCND:USC00182325,DALECARLIA RESERVOIR DC US,20041201,0,1,1,305,0,872,0,189,-100,96,-13,41
GHCND:USC00182325,DALECARLIA RESERVOIR DC US,20050101,0,6,1,579,0,846,267,200,-150,70,-39,16
GHCND:USC00182325,DALECARLIA RESERVOIR DC US,20050201,0,0,0,99,0,301,78,178,-111,97,-33,32
GHCND:USC00182325,DALECARLIA RESERVOIR DC US,20050301,0,0,1,427,25,1196,13,256,-111,105,-22,41
GHCND:USC00182325,DALECARLIA RESERVOIR DC US,20050401,0,0,1,445,0,1121,0,306,-17,201,52,127
GHCND:USC00182325,DALECARLIA RESERVOIR DC US,20050501,0,0,3,437,0,1359,0,294,-11,222,81,152
GHCND:USC00182325,DALECARLIA RESERVOIR DC US,20050601,10,0,1,254,0,765,0,350,111,297,175,236
GHCND:USC00182325,DALECARLIA RESERVOIR DC US,20050701,16,0,1,724,0,1317,0,378,167,322,215,269
GHCND:USC00182325,DALECARLIA RESERVOIR DC US,20050801,16,0,0,157,0,550,0,367,128,319,201,260
GHCND:USC00182325,DALECARLIA RESERVOIR DC US,20050901,6,0,0,152,0,193,0,344,89,300,171,235
GHCND:USC00182325,DALECARLIA RESERVOIR DC US,20051001,0,0,2,1473,0,2802,0,289,17,207,102,154
GHCND:USC00182325,DALECARLIA RESERVOIR DC US,20051101,0,0,1,262,0,639,0,256,-61,163,31,97
GHCND:USC00182325,DALECARLIA RESERVOIR DC US,20051201,0,2,1,356,25,771,59,161,-94,69,-32,19
GHCND:USC00182325,DALECARLIA RESERVOIR DC US,20060101,0,0,0,221,0,906,0,194,-122,114,-6,54
GHCND:USC00182325,DALECARLIA RESERVOIR DC US,20060201,0,1,0,155,254,520,254,200,-111,90,-23,33
GHCND:USC00182325,DALECARLIA RESERVOIR DC US,20060301,0,0,0,13,0,39,0,311,-39,140,25,83
GHCND:USC00182325,DALECARLIA RESERVOIR DC US,20060401,0,0,1,483,0,908,0,294,6,220,83,151
GHCND:USC00182325,DALECARLIA RESERVOIR DC US,20060501,2,0,0,173,0,507,0,361,50,244,116,180
GHCND:USC00182325,DALECARLIA RESERVOIR DC US,20060601,8,0,4,1455,0,3622,0,350,106,295,173,234
GHCND:USC00182325,DALECARLIA RESERVOIR DC US,20060701,20,0,0,196,0,464,0,372,150,329,213,271
GHCND:USC00182325,DALECARLIA RESERVOIR DC US,20060801,23,0,0,135,0,301,0,389,139,329,203,266
GHCND:USC00182325,DALECARLIA RESERVOIR DC US,20060901,0,0,2,711,0,1872,0,306,78,249,142,195
GHCND:USC00182325,DALECARLIA RESERVOIR DC US,20061001,0,0,2,406,0,1332,0,294,11,195,76,136
GHCND:USC00182325,DALECARLIA RESERVOIR DC US,20061101,0,0,3,610,0,1763,0,256,-22,150,42,96
GHCND:USC00182325,DALECARLIA RESERVOIR DC US,20061201,0,0,1,267,0,469,0,244,-78,130,4,67
GHCND:USC00182325,DALECARLIA RESERVOIR DC US,20070101,0,0,0,218,25,601,25,233,-94,95,-2,46
GHCND:USC00182325,DALECARLIA RESERVOIR DC US,20070201,0,6,1,318,76,648,221,150,-161,35,-71,-18
GHCND:USC00182325,DALECARLIA RESERVOIR DC US,20070301,0,2,2,287,25,832,50,289,-111,147,2,74
GHCND:USC00182325,DALECARLIA RESERVOIR DC US,20070401,0,0,2,330,0,1340,0,306,-28,176,45,111
GHCND:USC00182325,DALECARLIA RESERVOIR DC US,20070501,4,0,0,119,0,188,0,333,39,261,116,188
GHCND:USC00182325,DALECARLIA RESERVOIR DC US,20070601,11,0,2,432,0,943,0,367,100,303,170,237
GHCND:USC00182325,DALECARLIA RESERVOIR DC US,20070701,18,0,0,203,0,676,0,378,122,321,173,247
GHCND:USC00182325,DALECARLIA RESERVOIR DC US,20070801,19,0,1,470,0,884,0,400,122,326,185,256
GHCND:USC00182325,DALECARLIA RESERVOIR DC US,20070901,11,0,0,61,0,120,0,350,67,291,145,218
GHCND:USC00182325,DALECARLIA RESERVOIR DC US,20071001,3,0,2,610,0,1311,0,350,11,249,115,182
GHCND:USC00182325,DALECARLIA RESERVOIR DC US,20071101,0,0,0,163,0,507,0,256,-83,143,27,85
GHCND:USC00182325,DALECARLIA RESERVOIR DC US,20071201,0,1,0,229,0,939,76,172,-72,89,-8,41
GHCND:USC00182325,DALECARLIA RESERVOIR DC US,20080101,0,2,0,127,51,395,76,228,-117,77,-38,20
GHCND:USC00182325,DALECARLIA RESERVOIR DC US,20080201,0,1,2,460,0,1199,0,233,-111,94,-27,34
GHCND:USC00182325,DALECARLIA RESERVOIR DC US,20080301,0,0,1,559,0,1041,0,239,-67,143,6,74
GHCND:USC00182325,DALECARLIA RESERVOIR DC US,20080401,0,0,1,572,0,1459,0,306,11,199,75,137
GHCND:USC00182325,DALECARLIA RESERVOIR DC US,20080501,0,0,2,508,0,1720,0,311,50,232,84,158
GHCND:USC00182325,DALECARLIA RESERVOIR DC US,20080601,12,0,1,566,0,1414,0,372,117,316,168,242
GHCND:USC00182325,DALECARLIA RESERVOIR DC US,20080701,15,0,2,399,0,1220,0,361,150,319,189,254
GHCND:USC00182325,DALECARLIA RESERVOIR DC US,20080801,6,0,0,191,0,314,0,339,139,295,177,236
GHCND:USC00182325,DALECARLIA RESERVOIR DC US,20080901,3,0,2,1382,0,2132,0,350,100,266,159,212
GHCND:USC00182325,DALECARLIA RESERVOIR DC US,20081001,0,0,1,358,0,556,0,289,-6,195,69,132
GHCND:USC00182325,DALECARLIA RESERVOIR DC US,20081101,0,0,0,196,0,471,0,239,-61,121,23,72
GHCND:USC00182325,DALECARLIA RESERVOIR DC US,20081201,0,1,1,437,0,1009,0,206,-100,91,-17,37
GHCND:USC00182325,DALECARLIA RESERVOIR DC US,20090101,0,7,1,381,51,826,25,128,-150,32,-58,-13
GHCND:USC00182325,DALECARLIA RESERVOIR DC US,20090201,0,2,0,13,0,43,0,222,-100,86,-27,30
GHCND:USC00182325,DALECARLIA RESERVOIR DC US,20090301,0,2,0,241,152,570,152,250,-106,119,7,63
GHCND:USC00182325,DALECARLIA RESERVOIR DC US,20090401,4,0,1,373,0,1333,0,350,6,200,66,133
GHCND:USC00182325,DALECARLIA RESERVOIR DC US,20090501,0,0,3,513,0,2089,0,306,50,233,127,180
GHCND:USC00182325,DALECARLIA RESERVOIR DC US,20090601,3,0,2,396,0,1848,0,328,100,267,173,220
GHCND:USC00182325,DALECARLIA RESERVOIR DC US,20090701,8,0,2,864,0,1499,0,344,150,301,188,245
GHCND:USC00182325,DALECARLIA RESERVOIR DC US,20090801,13,0,3,940,0,1955,0,356,161,312,207,259
GHCND:USC00182325,DALECARLIA RESERVOIR DC US,20090901,0,0,1,335,0,679,0,311,122,259,157,208
GHCND:USC00182325,DALECARLIA RESERVOIR DC US,20091001,0,0,3,381,0,1450,0,244,17,182,74,128
GHCND:USC00182325,DALECARLIA RESERVOIR DC US,20091101,0,0,1,305,0,1152,0,239,-6,148,50,99
GHCND:USC00182325,DALECARLIA RESERVOIR DC US,20091201,0,4,2,409,279,1667,144,172,-83,64,-27,19
GHCND:USC00182325,DALECARLIA RESERVOIR DC US,20100101,0,7,0,163,25,471,13,194,-106,52,-38,7
GHCND:USC00182325,DALECARLIA RESERVOIR DC US,20100201,0,4,2,521,610,1250,963,100,-94,36,-38,-1
GHCND:USC00182325,DALECARLIA RESERVOIR DC US,20100301,0,0,0,231,0,1057,0,256,-17,141,40,90
GHCND:USC00182325,DALECARLIA RESERVOIR DC US,20100401,2,0,0,183,0,367,0,344,22,218,82,150
GHCND:USC00182325,DALECARLIA RESERVOIR DC US,20100501,2,0,1,404,0,852,0,333,33,255,135,195
GHCND:USC00182325,DALECARLIA RESERVOIR DC US,20100601,16,0,0,203,0,408,0,378,128,313,202,258
GHCND:USC00182325,DALECARLIA RESERVOIR DC US,20100701,22,0,1,434,0,1626,0,389,133,336,213,275
GHCND:USC00182325,DALECARLIA RESERVOIR DC US,20100801,11,0,4,572,0,1795,0,361,161,310,201,256
GHCND:USC00182325,DALECARLIA RESERVOIR DC US,20100901,7,0,1,508,0,826,0,356,94,288,160,224
GHCND:USC00182325,DALECARLIA RESERVOIR DC US,20101001,0,0,1,508,0,1595,0,294,22,203,87,145
GHCND:USC00182325,DALECARLIA RESERVOIR DC US,20101101,0,0,0,203,0,650,0,183,-28,133,21,77
GHCND:USC00182325,DALECARLIA RESERVOIR DC US,20101201,0,6,0,203,25,564,28,178,-78,33,-35,-1
GHCND:USC00182325,DALECARLIA RESERVOIR DC US,20110101,0,7,0,157,127,365,176,139,-117,32,-47,-8
GHCND:USC00182325,DALECARLIA RESERVOIR DC US,20110201,0,2,0,216,25,458,0,228,-89,80,-21,30
GHCND:USC00182325,DALECARLIA RESERVOIR DC US,20110301,0,0,2,508,0,1682,0,261,-39,136,16,76
GHCND:USC00182325,DALECARLIA RESERVOIR DC US,20110401,0,0,1,279,0,911,0,317,6,219,85,152
GHCND:USC00182325,DALECARLIA RESERVOIR DC US,20110501,3,0,0,218,0,661,0,339,56,253,147,200
GHCND:USC00182325,DALECARLIA RESERVOIR DC US,20110601,9,0,0,157,0,302,0,367,122,298,189,244
GHCND:USC00182325,DALECARLIA RESERVOIR DC US,20110701,24,0,1,368,0,655,0,394,167,333,218,275
GHCND:USC00182325,DALECARLIA RESERVOIR DC US,20110801,10,0,1,775,0,1903,0,356,139,307,192,250
GHCND:USC00182325,DALECARLIA RESERVOIR DC US,20110901,1,0,4,864,0,2586,0,322,72,252,168,210
GHCND:USC00182325,DALECARLIA RESERVOIR DC US,20111001,0,0,1,287,0,1140,0,239,-6,178,81,130
GHCND:USC00182325,DALECARLIA RESERVOIR DC US,20111101,0,0,0,185,0,520,0,228,-17,160,39,100
GHCND:USC00182325,DALECARLIA RESERVOIR DC US,20111201,0,0,2,424,0,1132,0,172,-50,102,6,54
GHCND:USC00182325,DALECARLIA RESERVOIR DC US,20120101,0,5,1,409,25,705,25,178,-100,86,-20,33
GHCND:USC00182325,DALECARLIA RESERVOIR DC US,20120201,0,1,0,132,0,494,0,211,-61,105,2,54
GHCND:USC00182325,DALECARLIA RESERVOIR DC US,20120301,0,0,1,254,0,741,0,283,-33,186,62,124
GHCND:USC00182325,DALECARLIA RESERVOIR DC US,20120401,1,0,1,348,0,597,0,322,11,197,65,131
GHCND:USC00182325,DALECARLIA RESERVOIR DC US,20120501,2,0,0,198,0,1023,0,339,67,263,150,206
GHCND:USC00182325,DALECARLIA RESERVOIR DC US,20120601,8,0,1,508,0,766,0,378,111,284,167,225
GHCND:USC00182325,DALECARLIA RESERVOIR DC US,20120701,16,0,1,348,0,857,0,389,183,328,216,272
GHCND:USC00182325,DALECARLIA RESERVOIR DC US,20120801,8,0,0,216,0,878,0,350,172,301,204,252
GHCND:USC00182325,DALECARLIA RESERVOIR DC US,20120901,2,0,0,218,0,808,0,350,94,261,151,206
GHCND:USC00182325,DALECARLIA RESERVOIR DC US,20121001,0,0,4,1171,0,2456,0,278,11,190,87,138
GHCND:USC00182325,DALECARLIA RESERVOIR DC US,20121101,0,0,0,168,0,221,0,217,-33,107,14,60
GHCND:USC00182325,DALECARLIA RESERVOIR DC US,20121201,0,0,2,457,0,1114,0,211,-33,104,17,60
GHCND:USC00182325,DALECARLIA RESERVOIR DC US,20130101,0,3,1,429,0,845,0,206,-94,76,-15,31
GHCND:USC00182325,DALECARLIA RESERVOIR DC US,20130201,0,1,1,292,0,841,10,144,-83,65,-24,21
GHCND:USC00182325,DALECARLIA RESERVOIR DC US,20130301,0,0,0,241,25,860,25,167,-33,97,5,51
GHCND:USC00182325,DALECARLIA RESERVOIR DC US,20130401,1,0,0,183,0,501,0,328,-33,201,72,137
GHCND:USC00182325,DALECARLIA RESERVOIR DC US,20130501,1,0,1,267,0,974,0,328,28,226,117,172
GHCND:USC00182325,DALECARLIA RESERVOIR DC US,20130601,3,0,3,483,0,2132,0,344,144,280,186,233
GHCND:USC00182325,DALECARLIA RESERVOIR DC US,20130701,15,0,2,610,0,1638,0,367,156,309,217,263
GHCND:USC00182325,DALECARLIA RESERVOIR DC US,20130801,1,0,1,305,0,712,0,339,128,280,184,232
GHCND:USC00182325,DALECARLIA RESERVOIR DC US,20130901,3,0,1,363,0,511,0,339,72,255,136,195
GHCND:USC00182325,DALECARLIA RESERVOIR DC US,20131001,0,0,3,706,0,2009,0,311,-11,206,92,149
GHCND:USC00182325,DALECARLIA RESERVOIR DC US,20131101,0,1,1,511,0,739,0,239,-67,126,11,68
GHCND:USC00182325,DALECARLIA RESERVOIR DC US,20131201,0,0,4,381,76,1727,115,222,-72,88,-4,42
GHCND:USC00182325,DALECARLIA RESERVOIR DC US,20140101,0,10,0,203,76,739,132,150,-161,35,-77,-21
GHCND:USC00182325,DALECARLIA RESERVOIR DC US,20140201,0,2,3,528,254,1731,328,200,-106,64,-40,12
GHCND:USC00182325,DALECARLIA RESERVOIR DC US,20140301,0,2,3,358,178,1338,369,211,-139,92,-26,33
GHCND:USC00182325,DALECARLIA RESERVOIR DC US,20140401,0,0,1,417,0,821,0,289,-6,189,60,125
GHCND:USC00182325,DALECARLIA RESERVOIR DC US,20140501,1,0,2,737,0,2092,0,322,67,246,121,183
GHCND:USC00182325,DALECARLIA RESERVOIR DC US,20140601,4,0,0,244,0,749,0,350,122,290,182,236
GHCND:USC00182325,DALECARLIA RESERVOIR DC US,20140701,8,0,1,381,0,668,0,361,128,299,190,245
GHCND:USC00182325,DALECARLIA RESERVOIR DC US,20140801,0,0,1,1219,0,1431,0,317,128,284,178,231
GHCND:USC00182325,DALECARLIA RESERVOIR DC US,20140901,5,0,1,381,0,844,0,339,78,259,154,206
GHCND:USC00182325,DALECARLIA RESERVOIR DC US,20141001,0,0,2,368,0,1079,0,272,33,204,98,151
GHCND:USC00182325,DALECARLIA RESERVOIR DC US,20141101,0,1,0,180,0,859,0,222,-72,114,12,63
GHCND:USC00182325,DALECARLIA RESERVOIR DC US,20141201,0,0,0,183,0,1074,0,222,-50,89,4,46
GHCND:USC00182325,DALECARLIA RESERVOIR DC US,20150101,0,7,1,302,76,936,97,94,-133,32,-54,-11
GHCND:USC00182325,DALECARLIA RESERVOIR DC US,20150201,0,12,0,102,127,178,152,178,-167,14,-92,-39
GHCND:USW00093738,WASHINGTON DC DULLES INTERNATIONAL AIRPORT VA US,20000101,0,11,0,213,178,635,544,206,-139,54,-49,3
GHCND:USW00093738,WASHINGTON DC DULLES INTERNATIONAL AIRPORT VA US,20000201,0,0,0,208,127,487,35,261,-150,100,-21,40
GHCND:USW00093738,WASHINGTON DC DULLES INTERNATIONAL AIRPORT VA US,20000301,0,0,1,328,0,850,0,289,-44,157,20,88
GHCND:USW00093738,WASHINGTON DC DULLES INTERNATIONAL AIRPORT VA US,20000401,0,0,2,366,0,1110,5,272,-17,179,58,118
GHCND:USW00093738,WASHINGTON DC DULLES INTERNATIONAL AIRPORT VA US,20000501,3,0,0,208,0,653,0,333,17,249,113,181
GHCND:USW00093738,WASHINGTON DC DULLES INTERNATIONAL AIRPORT VA US,20000601,6,0,0,221,0,1021,0,339,89,282,165,223
GHCND:USW00093738,WASHINGTON DC DULLES INTERNATIONAL AIRPORT VA US,20000701,1,0,2,419,0,1090,0,328,100,276,166,221
GHCND:USW00093738,WASHINGTON DC DULLES INTERNATIONAL AIRPORT VA US,20000801,1,0,2,592,0,1505,0,328,111,276,177,226
GHCND:USW00093738,WASHINGTON DC DULLES INTERNATIONAL AIRPORT VA US,20000901,0,0,2,584,0,1067,0,306,39,243,124,183
GHCND:USW00093738,WASHINGTON DC DULLES INTERNATIONAL AIRPORT VA US,20001001,0,0,0,13,0,16,0,294,-6,212,65,138
GHCND:USW00093738,WASHINGTON DC DULLES INTERNATIONAL AIRPORT VA US,20001101,0,0,0,132,0,400,0,233,-100,122,-6,58
GHCND:USW00093738,WASHINGTON DC DULLES INTERNATIONAL AIRPORT VA US,20001201,0,10,0,196,76,524,79,122,-144,26,-73,-23
GHCND:USW00093738,WASHINGTON DC DULLES INTERNATIONAL AIRPORT VA US,20010101,0,4,1,295,102,646,129,139,-117,52,-52,0
GHCND:USW00093738,WASHINGTON DC DULLES INTERNATIONAL AIRPORT VA US,20010201,0,1,0,201,51,428,94,206,-100,95,-23,36
GHCND:USW00093738,WASHINGTON DC DULLES INTERNATIONAL AIRPORT VA US,20010301,0,0,2,338,0,1053,25,178,-83,106,-12,47
GHCND:USW00093738,WASHINGTON DC DULLES INTERNATIONAL AIRPORT VA US,20010401,0,0,0,130,0,549,0,317,-28,202,59,130
GHCND:USW00093738,WASHINGTON DC DULLES INTERNATIONAL AIRPORT VA US,20010501,1,0,1,526,0,1445,0,322,6,236,104,170
GHCND:USW00093738,WASHINGTON DC DULLES INTERNATIONAL AIRPORT VA US,20010601,6,0,1,523,0,1228,0,339,89,284,166,225
GHCND:USW00093738,WASHINGTON DC DULLES INTERNATIONAL AIRPORT VA US,20010701,5,0,1,475,0,1078,0,339,106,284,163,223
GHCND:USW00093738,WASHINGTON DC DULLES INTERNATIONAL AIRPORT VA US,20010801,7,0,2,406,0,1147,0,361,144,304,191,247
GHCND:USW00093738,WASHINGTON DC DULLES INTERNATIONAL AIRPORT VA US,20010901,0,0,1,551,0,861,0,294,44,252,119,185
GHCND:USW00093738,WASHINGTON DC DULLES INTERNATIONAL AIRPORT VA US,20011001,0,0,1,279,0,360,0,289,-33,212,53,132
GHCND:USW00093738,WASHINGTON DC DULLES INTERNATIONAL AIRPORT VA US,20011101,0,0,0,137,0,206,0,267,-56,179,29,104
GHCND:USW00093738,WASHINGTON DC DULLES INTERNATIONAL AIRPORT VA US,20011201,0,1,0,122,0,397,0,250,-94,110,-7,52
GHCND:USW00093738,WASHINGTON DC DULLES INTERNATIONAL AIRPORT VA US,20020101,0,0,0,117,25,311,66,233,-111,95,-17,39
GHCND:USW00093738,WASHINGTON DC DULLES INTERNATIONAL AIRPORT VA US,20020201,0,0,0,46,0,116,0,239,-100,109,-33,38
GHCND:USW00093738,WASHINGTON DC DULLES INTERNATIONAL AIRPORT VA US,20020301,0,0,0,201,0,885,0,256,-117,139,10,74
GHCND:USW00093738,WASHINGTON DC DULLES INTERNATIONAL AIRPORT VA US,20020401,3,0,1,427,0,877,0,339,-56,209,67,138
GHCND:USW00093738,WASHINGTON DC DULLES INTERNATIONAL AIRPORT VA US,20020501,0,0,2,404,0,1203,0,317,-6,235,97,166
GHCND:USW00093738,WASHINGTON DC DULLES INTERNATIONAL AIRPORT VA US,20020601,6,0,1,259,0,918,0,339,111,289,161,225
GHCND:USW00093738,WASHINGTON DC DULLES INTERNATIONAL AIRPORT VA US,20020701,15,0,1,396,0,671,0,361,83,310,193,251
GHCND:USW00093738,WASHINGTON DC DULLES INTERNATIONAL AIRPORT VA US,20020801,19,0,1,439,0,739,0,372,111,321,192,256
GHCND:USW00093738,WASHINGTON DC DULLES INTERNATIONAL AIRPORT VA US,20020901,1,0,1,411,0,721,0,328,72,271,142,206
GHCND:USW00093738,WASHINGTON DC DULLES INTERNATIONAL AIRPORT VA US,20021001,0,0,1,279,0,1279,0,306,-6,178,77,128
GHCND:USW00093738,WASHINGTON DC DULLES INTERNATIONAL AIRPORT VA US,20021101,0,0,1,366,0,1050,0,222,-61,119,15,67
GHCND:USW00093738,WASHINGTON DC DULLES INTERNATIONAL AIRPORT VA US,20021201,0,3,1,277,127,917,208,144,-172,58,-42,8
GHCND:USW00093738,WASHINGTON DC DULLES INTERNATIONAL AIRPORT VA US,20030101,0,12,1,439,76,684,130,156,-161,21,-61,-20
GHCND:USW00093738,WASHINGTON DC DULLES INTERNATIONAL AIRPORT VA US,20030201,0,4,2,592,457,1592,887,106,-139,33,-52,-9
GHCND:USW00093738,WASHINGTON DC DULLES INTERNATIONAL AIRPORT VA US,20030301,0,0,1,460,229,938,49,244,-100,133,1,67
GHCND:USW00093738,WASHINGTON DC DULLES INTERNATIONAL AIRPORT VA US,20030401,0,0,0,173,0,690,0,294,-28,184,54,119
GHCND:USW00093738,WASHINGTON DC DULLES INTERNATIONAL AIRPORT VA US,20030501,0,0,2,610,0,2212,0,278,50,199,110,154
GHCND:USW00093738,WASHINGTON DC DULLES INTERNATIONAL AIRPORT VA US,20030601,2,0,3,505,0,2118,0,328,72,257,157,207
GHCND:USW00093738,WASHINGTON DC DULLES INTERNATIONAL AIRPORT VA US,20030701,7,0,3,378,0,1538,0,339,150,293,189,241
GHCND:USW00093738,WASHINGTON DC DULLES INTERNATIONAL AIRPORT VA US,20030801,5,0,2,376,0,1411,0,333,133,296,195,246
GHCND:USW00093738,WASHINGTON DC DULLES INTERNATIONAL AIRPORT VA US,20030901,0,0,2,447,0,1844,0,300,44,246,144,195
GHCND:USW00093738,WASHINGTON DC DULLES INTERNATIONAL AIRPORT VA US,20031001,0,0,2,480,0,1175,0,256,-22,183,59,121
GHCND:USW00093738,WASHINGTON DC DULLES INTERNATIONAL AIRPORT VA US,20031101,0,0,2,490,0,1322,0,272,-61,160,40,100
GHCND:USW00093738,WASHINGTON DC DULLES INTERNATIONAL AIRPORT VA US,20031201,0,1,1,259,178,1161,288,167,-72,73,-29,22
GHCND:USW00093738,WASHINGTON DC DULLES INTERNATIONAL AIRPORT VA US,20040101,0,16,0,79,127,358,153,228,-167,22,-67,-23
GHCND:USW00093738,WASHINGTON DC DULLES INTERNATIONAL AIRPORT VA US,20040201,0,2,1,305,76,490,0,194,-150,71,-41,15
GHCND:USW00093738,WASHINGTON DC DULLES INTERNATIONAL AIRPORT VA US,20040301,0,0,0,244,0,522,0,256,-72,142,17,79
GHCND:USW00093738,WASHINGTON DC DULLES INTERNATIONAL AIRPORT VA US,20040401,1,0,1,368,0,1281,0,322,-22,185,68,126
GHCND:USW00093738,WASHINGTON DC DULLES INTERNATIONAL AIRPORT VA US,20040501,1,0,0,135,0,778,0,322,50,268,152,210
GHCND:USW00093738,WASHINGTON DC DULLES INTERNATIONAL AIRPORT VA US,20040601,2,0,2,284,0,946,0,328,106,269,163,216
GHCND:USW00093738,WASHINGTON DC DULLES INTERNATIONAL AIRPORT VA US,20040701,2,0,1,310,0,945,0,328,150,295,192,244
GHCND:USW00093738,WASHINGTON DC DULLES INTERNATIONAL AIRPORT VA US,20040801,2,0,2,348,0,963,0,328,106,286,176,231
GHCND:USW00093738,WASHINGTON DC DULLES INTERNATIONAL AIRPORT VA US,20040901,0,0,3,434,0,1473,0,300,78,260,148,204
GHCND:USW00093738,WASHINGTON DC DULLES INTERNATIONAL AIRPORT VA US,20041001,0,0,0,89,0,263,0,272,-6,187,75,131
GHCND:USW00093738,WASHINGTON DC DULLES INTERNATIONAL AIRPORT VA US,20041101,0,0,2,488,0,1042,0,233,-50,148,34,91
GHCND:USW00093738,WASHINGTON DC DULLES INTERNATIONAL AIRPORT VA US,20041201,0,5,1,330,0,766,0,183,-122,86,-22,32
GHCND:USW00093738,WASHINGTON DC DULLES INTERNATIONAL AIRPORT VA US,20050101,0,9,1,455,76,798,187,206,-139,59,-28,15
GHCND:USW00093738,WASHINGTON DC DULLES INTERNATIONAL AIRPORT VA US,20050201,0,0,0,94,76,359,221,172,-106,85,-25,30
GHCND:USW00093738,WASHINGTON DC DULLES INTERNATIONAL AIRPORT VA US,20050301,0,0,2,424,102,997,30,206,-83,102,-4,49
GHCND:USW00093738,WASHINGTON DC DULLES INTERNATIONAL AIRPORT VA US,20050401,0,0,1,526,0,1104,0,300,-6,198,60,129
GHCND:USW00093738,WASHINGTON DC DULLES INTERNATIONAL AIRPORT VA US,20050501,0,0,2,472,0,1235,0,306,0,216,91,154
GHCND:USW00093738,WASHINGTON DC DULLES INTERNATIONAL AIRPORT VA US,20050601,8,0,0,170,0,489,0,339,106,292,171,231
GHCND:USW00093738,WASHINGTON DC DULLES INTERNATIONAL AIRPORT VA US,20050701,9,0,4,498,0,1997,0,356,161,305,204,255
GHCND:USW00093738,WASHINGTON DC DULLES INTERNATIONAL AIRPORT VA US,20050801,11,0,0,188,0,589,0,356,128,308,200,254
GHCND:USW00093738,WASHINGTON DC DULLES INTERNATIONAL AIRPORT VA US,20050901,5,0,0,33,0,39,0,339,44,292,152,222
GHCND:USW00093738,WASHINGTON DC DULLES INTERNATIONAL AIRPORT VA US,20051001,0,0,2,889,0,2343,0,283,6,199,99,149
GHCND:USW00093738,WASHINGTON DC DULLES INTERNATIONAL AIRPORT VA US,20051101,0,0,0,211,0,633,8,250,-72,154,22,88
GHCND:USW00093738,WASHINGTON DC DULLES INTERNATIONAL AIRPORT VA US,20051201,0,2,1,272,76,742,145,150,-106,54,-39,8
GHCND:USW00093738,WASHINGTON DC DULLES INTERNATIONAL AIRPORT VA US,20060101,0,0,0,142,0,608,0,183,-61,108,1,55
GHCND:USW00093738,WASHINGTON DC DULLES INTERNATIONAL AIRPORT VA US,20060201,0,1,0,211,178,606,206,189,-122,77,-33,22
GHCND:USW00093738,WASHINGTON DC DULLES INTERNATIONAL AIRPORT VA US,20060301,0,0,0,8,0,19,0,294,-50,140,13,77
GHCND:USW00093738,WASHINGTON DC DULLES INTERNATIONAL AIRPORT VA US,20060401,0,0,1,732,0,1237,0,278,-6,209,73,141
GHCND:USW00093738,WASHINGTON DC DULLES INTERNATIONAL AIRPORT VA US,20060501,2,0,0,198,0,459,0,350,44,236,105,171
GHCND:USW00093738,WASHINGTON DC DULLES INTERNATIONAL AIRPORT VA US,20060601,6,0,4,1509,0,2994,0,350,94,286,165,225
GHCND:USW00093738,WASHINGTON DC DULLES INTERNATIONAL AIRPORT VA US,20060701,16,0,0,221,0,623,0,350,133,314,204,259
GHCND:USW00093738,WASHINGTON DC DULLES INTERNATIONAL AIRPORT VA US,20060801,16,0,0,246,0,316,0,372,117,317,195,256
GHCND:USW00093738,WASHINGTON DC DULLES INTERNATIONAL AIRPORT VA US,20060901,0,0,2,701,0,1808,0,289,61,237,137,187
GHCND:USW00093738,WASHINGTON DC DULLES INTERNATIONAL AIRPORT VA US,20061001,0,0,1,267,0,1224,0,283,-6,186,68,127
GHCND:USW00093738,WASHINGTON DC DULLES INTERNATIONAL AIRPORT VA US,20061101,0,0,2,401,0,1349,0,256,-56,145,39,92
GHCND:USW00093738,WASHINGTON DC DULLES INTERNATIONAL AIRPORT VA US,20061201,0,0,0,221,0,442,0,244,-94,117,-7,55
GHCND:USW00093738,WASHINGTON DC DULLES INTERNATIONAL AIRPORT VA US,20070101,0,3,0,173,51,539,41,217,-94,86,-7,39
GHCND:USW00093738,WASHINGTON DC DULLES INTERNATIONAL AIRPORT VA US,20070201,0,6,0,229,102,646,249,139,-150,28,-66,-19
GHCND:USW00093738,WASHINGTON DC DULLES INTERNATIONAL AIRPORT VA US,20070301,0,2,1,396,51,743,78,283,-117,145,14,80
GHCND:USW00093738,WASHINGTON DC DULLES INTERNATIONAL AIRPORT VA US,20070401,0,0,1,490,0,860,5,300,-28,170,54,112
GHCND:USW00093738,WASHINGTON DC DULLES INTERNATIONAL AIRPORT VA US,20070501,2,0,0,30,0,87,0,333,22,259,120,189
GHCND:USW00093738,WASHINGTON DC DULLES INTERNATIONAL AIRPORT VA US,20070601,8,0,1,292,0,743,0,361,106,297,170,234
GHCND:USW00093738,WASHINGTON DC DULLES INTERNATIONAL AIRPORT VA US,20070701,13,0,0,188,0,444,0,361,128,315,188,252
GHCND:USW00093738,WASHINGTON DC DULLES INTERNATIONAL AIRPORT VA US,20070801,17,0,0,142,0,424,0,383,150,319,200,260
GHCND:USW00093738,WASHINGTON DC DULLES INTERNATIONAL AIRPORT VA US,20070901,10,0,0,150,0,356,0,344,61,288,148,218
GHCND:USW00093738,WASHINGTON DC DULLES INTERNATIONAL AIRPORT VA US,20071001,3,0,1,295,0,894,0,344,-6,241,109,175
GHCND:USW00093738,WASHINGTON DC DULLES INTERNATIONAL AIRPORT VA US,20071101,0,0,0,185,0,378,0,244,-67,134,23,78
GHCND:USW00093738,WASHINGTON DC DULLES INTERNATIONAL AIRPORT VA US,20071201,0,2,0,173,51,755,64,161,-106,76,-5,35
GHCND:USW00093738,WASHINGTON DC DULLES INTERNATIONAL AIRPORT VA US,20080101,0,2,0,175,76,321,102,217,-139,69,-30,19
GHCND:USW00093738,WASHINGTON DC DULLES INTERNATIONAL AIRPORT VA US,20080201,0,2,1,366,0,679,0,217,-100,81,-23,29
GHCND:USW00093738,WASHINGTON DC DULLES INTERNATIONAL AIRPORT VA US,20080301,0,0,0,127,0,627,0,217,-44,135,20,77
GHCND:USW00093738,WASHINGTON DC DULLES INTERNATIONAL AIRPORT VA US,20080401,0,0,1,737,0,1581,0,283,-11,192,75,133
GHCND:USW00093738,WASHINGTON DC DULLES INTERNATIONAL AIRPORT VA US,20080501,0,0,2,947,0,2383,0,294,39,225,98,162
GHCND:USW00093738,WASHINGTON DC DULLES INTERNATIONAL AIRPORT VA US,20080601,8,0,1,414,0,1071,0,350,117,298,173,235
GHCND:USW00093738,WASHINGTON DC DULLES INTERNATIONAL AIRPORT VA US,20080701,11,0,1,269,0,555,0,350,144,309,189,249
GHCND:USW00093738,WASHINGTON DC DULLES INTERNATIONAL AIRPORT VA US,20080801,6,0,1,284,0,630,0,339,133,296,168,232
GHCND:USW00093738,WASHINGTON DC DULLES INTERNATIONAL AIRPORT VA US,20080901,4,0,1,1298,0,1825,0,339,78,264,152,208
GHCND:USW00093738,WASHINGTON DC DULLES INTERNATIONAL AIRPORT VA US,20081001,0,0,1,279,0,332,0,289,-22,192,65,129
GHCND:USW00093738,WASHINGTON DC DULLES INTERNATIONAL AIRPORT VA US,20081101,0,0,0,198,0,512,0,239,-78,116,20,68
GHCND:USW00093738,WASHINGTON DC DULLES INTERNATIONAL AIRPORT VA US,20081201,0,1,1,340,0,664,0,200,-111,84,-14,35
GHCND:USW00093738,WASHINGTON DC DULLES INTERNATIONAL AIRPORT VA US,20090101,0,6,1,297,0,671,51,139,-178,33,-60,-13
GHCND:USW00093738,WASHINGTON DC DULLES INTERNATIONAL AIRPORT VA US,20090201,0,1,0,30,0,89,0,217,-122,94,-27,33
GHCND:USW00093738,WASHINGTON DC DULLES INTERNATIONAL AIRPORT VA US,20090301,0,2,0,234,102,612,153,250,-133,121,9,65
GHCND:USW00093738,WASHINGTON DC DULLES INTERNATIONAL AIRPORT VA US,20090401,3,0,1,414,0,1048,0,333,-6,197,68,132
GHCND:USW00093738,WASHINGTON DC DULLES INTERNATIONAL AIRPORT VA US,20090501,0,0,2,912,0,2606,0,300,33,238,129,183
GHCND:USW00093738,WASHINGTON DC DULLES INTERNATIONAL AIRPORT VA US,20090601,2,0,2,683,0,1699,0,328,89,281,176,228
GHCND:USW00093738,WASHINGTON DC DULLES INTERNATIONAL AIRPORT VA US,20090701,4,0,1,376,0,554,0,350,117,297,179,238
GHCND:USW00093738,WASHINGTON DC DULLES INTERNATIONAL AIRPORT VA US,20090801,12,0,1,325,0,699,0,367,150,314,200,257
GHCND:USW00093738,WASHINGTON DC DULLES INTERNATIONAL AIRPORT VA US,20090901,0,0,1,262,0,466,0,317,89,255,150,202
GHCND:USW00093738,WASHINGTON DC DULLES INTERNATIONAL AIRPORT VA US,20091001,0,0,2,429,0,1448,0,306,6,190,81,135
GHCND:USW00093738,WASHINGTON DC DULLES INTERNATIONAL AIRPORT VA US,20091101,0,0,0,241,0,943,0,239,-17,154,44,99
GHCND:USW00093738,WASHINGTON DC DULLES INTERNATIONAL AIRPORT VA US,20091201,0,2,1,340,457,1517,543,167,-106,61,-25,18
GHCND:USW00093738,WASHINGTON DC DULLES INTERNATIONAL AIRPORT VA US,20100101,0,7,0,160,127,512,144,183,-117,53,-37,8
GHCND:USW00093738,WASHINGTON DC DULLES INTERNATIONAL AIRPORT VA US,20100201,0,5,2,503,660,1176,1171,100,-144,37,-49,-6
GHCND:USW00093738,WASHINGTON DC DULLES INTERNATIONAL AIRPORT VA US,20100301,0,0,0,198,0,854,0,256,-17,156,38,97
GHCND:USW00093738,WASHINGTON DC DULLES INTERNATIONAL AIRPORT VA US,20100401,2,0,0,130,0,329,0,339,0,226,77,151
GHCND:USW00093738,WASHINGTON DC DULLES INTERNATIONAL AIRPORT VA US,20100501,3,0,2,610,0,1380,0,333,11,254,135,195
GHCND:USW00093738,WASHINGTON DC DULLES INTERNATIONAL AIRPORT VA US,20100601,12,0,0,178,0,328,0,361,100,308,189,249
GHCND:USW00093738,WASHINGTON DC DULLES INTERNATIONAL AIRPORT VA US,20100701,20,0,0,191,0,1059,0,383,111,327,201,264
GHCND:USW00093738,WASHINGTON DC DULLES INTERNATIONAL AIRPORT VA US,20100801,12,0,3,422,0,1124,0,361,150,305,196,250
GHCND:USW00093738,WASHINGTON DC DULLES INTERNATIONAL AIRPORT VA US,20100901,9,0,1,1204,0,1565,0,361,78,288,149,218
GHCND:USW00093738,WASHINGTON DC DULLES INTERNATIONAL AIRPORT VA US,20101001,0,0,0,244,0,606,0,300,6,206,83,144
GHCND:USW00093738,WASHINGTON DC DULLES INTERNATIONAL AIRPORT VA US,20101101,0,0,2,267,0,636,0,183,-56,139,18,78
GHCND:USW00093738,WASHINGTON DC DULLES INTERNATIONAL AIRPORT VA US,20101201,0,4,0,188,25,374,39,178,-117,35,-47,-6
GHCND:USW00093738,WASHINGTON DC DULLES INTERNATIONAL AIRPORT VA US,20110101,0,8,1,333,152,476,261,144,-144,32,-55,-11
GHCND:USW00093738,WASHINGTON DC DULLES INTERNATIONAL AIRPORT VA US,20110201,0,1,0,180,102,562,18,239,-117,93,-25,34
GHCND:USW00093738,WASHINGTON DC DULLES INTERNATIONAL AIRPORT VA US,20110301,0,0,2,584,0,1290,3,261,-39,122,13,68
GHCND:USW00093738,WASHINGTON DC DULLES INTERNATIONAL AIRPORT VA US,20110401,0,0,2,338,0,1324,0,300,-11,204,77,140
GHCND:USW00093738,WASHINGTON DC DULLES INTERNATIONAL AIRPORT VA US,20110501,3,0,0,196,0,835,0,344,44,247,134,191
GHCND:USW00093738,WASHINGTON DC DULLES INTERNATIONAL AIRPORT VA US,20110601,7,0,0,147,0,357,0,361,89,299,178,238
GHCND:USW00093738,WASHINGTON DC DULLES INTERNATIONAL AIRPORT VA US,20110701,24,0,1,323,0,656,0,406,133,338,206,272
GHCND:USW00093738,WASHINGTON DC DULLES INTERNATIONAL AIRPORT VA US,20110801,8,0,1,297,0,950,0,372,111,307,185,246
GHCND:USW00093738,WASHINGTON DC DULLES INTERNATIONAL AIRPORT VA US,20110901,0,0,4,577,0,2015,0,311,56,249,163,206
GHCND:USW00093738,WASHINGTON DC DULLES INTERNATIONAL AIRPORT VA US,20111001,0,0,2,488,0,1594,15,272,-22,183,74,128
GHCND:USW00093738,WASHINGTON DC DULLES INTERNATIONAL AIRPORT VA US,20111101,0,0,0,178,0,554,0,228,-28,159,30,95
GHCND:USW00093738,WASHINGTON DC DULLES INTERNATIONAL AIRPORT VA US,20111201,0,0,2,544,0,1132,0,167,-72,108,-3,52
GHCND:USW00093738,WASHINGTON DC DULLES INTERNATIONAL AIRPORT VA US,20120101,0,3,0,150,25,471,43,189,-100,88,-24,32
GHCND:USW00093738,WASHINGTON DC DULLES INTERNATIONAL AIRPORT VA US,20120201,0,1,1,343,0,570,35,206,-83,106,-7,50
GHCND:USW00093738,WASHINGTON DC DULLES INTERNATIONAL AIRPORT VA US,20120301,0,0,0,206,0,388,0,289,-61,188,59,124
GHCND:USW00093738,WASHINGTON DC DULLES INTERNATIONAL AIRPORT VA US,20120401,0,0,0,244,0,463,0,311,-11,191,53,122
GHCND:USW00093738,WASHINGTON DC DULLES INTERNATIONAL AIRPORT VA US,20120501,1,0,1,358,0,1369,0,322,39,260,145,203
GHCND:USW00093738,WASHINGTON DC DULLES INTERNATIONAL AIRPORT VA US,20120601,9,0,0,155,0,454,0,389,100,288,155,221
GHCND:USW00093738,WASHINGTON DC DULLES INTERNATIONAL AIRPORT VA US,20120701,18,0,1,259,0,617,0,383,172,330,210,270
GHCND:USW00093738,WASHINGTON DC DULLES INTERNATIONAL AIRPORT VA US,20120801,8,0,0,142,0,767,0,350,156,308,194,251
GHCND:USW00093738,WASHINGTON DC DULLES INTERNATIONAL AIRPORT VA US,20120901,4,0,1,297,0,689,0,333,72,266,136,201
GHCND:USW00093738,WASHINGTON DC DULLES INTERNATIONAL AIRPORT VA US,20121001,0,0,3,1082,0,2258,0,272,-11,194,82,138
GHCND:USW00093738,WASHINGTON DC DULLES INTERNATIONAL AIRPORT VA US,20121101,0,0,0,221,0,284,0,211,-50,116,1,58
GHCND:USW00093738,WASHINGTON DC DULLES INTERNATIONAL AIRPORT VA US,20121201,0,0,1,358,0,731,56,217,-61,102,7,55
GHCND:USW00093738,WASHINGTON DC DULLES INTERNATIONAL AIRPORT VA US,20130101,0,4,1,508,25,940,46,222,-128,78,-18,30
GHCND:USW00093738,WASHINGTON DC DULLES INTERNATIONAL AIRPORT VA US,20130201,0,3,0,180,0,414,33,144,-106,62,-26,18
GHCND:USW00093738,WASHINGTON DC DULLES INTERNATIONAL AIRPORT VA US,20130301,0,0,1,295,76,805,188,167,-56,96,-4,46
GHCND:USW00093738,WASHINGTON DC DULLES INTERNATIONAL AIRPORT VA US,20130401,0,0,1,305,0,584,0,317,-55,199,70,134
GHCND:USW00093738,WASHINGTON DC DULLES INTERNATIONAL AIRPORT VA US,20130501,1,0,1,259,0,813,0,322,0,236,114,175
GHCND:USW00093738,WASHINGTON DC DULLES INTERNATIONAL AIRPORT VA US,20130601,4,0,0,249,0,1179,0,333,106,281,177,229
GHCND:USW00093738,WASHINGTON DC DULLES INTERNATIONAL AIRPORT VA US,20130701,9,0,2,942,0,1848,0,356,144,305,209,257
GHCND:USW00093738,WASHINGTON DC DULLES INTERNATIONAL AIRPORT VA US,20130801,2,0,0,191,0,497,0,322,117,284,179,231
GHCND:USW00093738,WASHINGTON DC DULLES INTERNATIONAL AIRPORT VA US,20130901,6,0,1,330,0,409,0,344,44,263,124,193
GHCND:USW00093738,WASHINGTON DC DULLES INTERNATIONAL AIRPORT VA US,20131001,2,0,3,859,0,1908,0,322,-16,205,89,147
GHCND:USW00093738,WASHINGTON DC DULLES INTERNATIONAL AIRPORT VA US,20131101,0,1,1,437,0,710,0,250,-88,116,5,61
GHCND:USW00093738,WASHINGTON DC DULLES INTERNATIONAL AIRPORT VA US,20131201,0,3,1,323,50,1417,119,217,-82,89,-8,40
GHCND:USW00093738,WASHINGTON DC DULLES INTERNATIONAL AIRPORT VA US,20140101,0,12,0,188,130,683,305,133,-188,27,-80,-26
GHCND:USW00093738,WASHINGTON DC DULLES INTERNATIONAL AIRPORT VA US,20140201,0,6,2,338,200,968,415,167,-121,53,-49,2
GHCND:USW00093738,WASHINGTON DC DULLES INTERNATIONAL AIRPORT VA US,20140301,0,2,0,246,200,1041,503,206,-182,91,-30,30
GHCND:USW00093738,WASHINGTON DC DULLES INTERNATIONAL AIRPORT VA US,20140401,0,0,3,1013,0,1881,0,283,-21,178,46,112
GHCND:USW00093738,WASHINGTON DC DULLES INTERNATIONAL AIRPORT VA US,20140501,1,0,2,500,0,1610,0,322,39,241,117,179
GHCND:USW00093738,WASHINGTON DC DULLES INTERNATIONAL AIRPORT VA US,20140601,3,0,1,434,0,1175,0,328,100,279,170,225
GHCND:USW00093738,WASHINGTON DC DULLES INTERNATIONAL AIRPORT VA US,20140701,5,0,0,107,0,531,0,350,89,292,177,234
GHCND:USW00093738,WASHINGTON DC DULLES INTERNATIONAL AIRPORT VA US,20140801,1,0,2,363,0,1308,0,322,117,278,165,221
GHCND:USW00093738,WASHINGTON DC DULLES INTERNATIONAL AIRPORT VA US,20140901,2,0,0,147,0,236,0,328,56,252,142,197
GHCND:USW00093738,WASHINGTON DC DULLES INTERNATIONAL AIRPORT VA US,20141001,0,0,1,330,0,767,0,278,6,195,80,138
GHCND:USW00093738,WASHINGTON DC DULLES INTERNATIONAL AIRPORT VA US,20141101,0,0,1,305,30,676,41,211,-105,110,0,55
GHCND:USW00093738,WASHINGTON DC DULLES INTERNATIONAL AIRPORT VA US,20141201,0,0,0,193,0,828,0,211,-77,76,-5,35
GHCND:USW00093738,WASHINGTON DC DULLES INTERNATIONAL AIRPORT VA US,20150101,0,6,0,173,80,828,222,156,-160,34,-58,-12
GHCND:USW00093738,WASHINGTON DC DULLES INTERNATIONAL AIRPORT VA US,20150201,0,9,0,236,180,447,410,156,-199,21,-93,-36
